image_url,Latitude,Longitude
https://drive.google.com/open?id=1WjaUriZ3AvwRJ-N0WlmknPC5PDrifasH,18.565382,73.80681
https://drive.google.com/open?id=1ykvN9HLPtA74dVqv41XpZmXqhpn7N1rk,18.566071,73.802698
https://drive.google.com/open?id=1o2wpfRZrh3NCXvCxY7O1o6Azj9p4JLmx,18.554548,73.80593
https://drive.google.com/open?id=1ru4nHDFL2wDIkNetwOjNp9UETcmJLe_p,18.558728,73.803837
https://drive.google.com/open?id=14EfznPNDebv9Td2O5YidY_h7sL95mDwj,18.561086,73.805184
https://drive.google.com/open?id=1q3Lsm_hVpRMrIJvjMblGNMIim2fuw2oF,18.561118,73.8049
https://drive.google.com/open?id=15QcL8jZijsoQmcoS_8vbblNAZT9CoMXU,18.55949,73.808053
https://drive.google.com/open?id=18z-O36JqzqppS6x5P8ItbJLHmleJk8UL,18.562901,73.796737
https://drive.google.com/open?id=1nvL2gV5VUAeKy6HkvYVc2TmiXhCrmh7O,18.567292,73.803645
https://drive.google.com/open?id=1qFbWn1sQPKoiwV1yZh-xPpgKkODnHuSC,18.569864,73.781277
https://drive.google.com/open?id=1he_PMkpQQztL5bzady1WJYXZ8sOiDiwg,18.57621,73.7772
https://drive.google.com/open?id=1rGMT7ljvE6u7fwNxsNVKROrevzHrLReq,18.57149,77.779736
https://drive.google.com/open?id=1hLg88Zd4hp4L_a7mfua48ezZY5-BsaeP,18.574488,73.777286
https://drive.google.com/open?id=1FauVB77wHXDbFg15gE-szWENKEhe2Lz_,18.569934,73.768696
https://drive.google.com/open?id=1J0ViyJs5szeGQmym_uBMK7TFmTLIJNyM,18.557711,73.774047
https://drive.google.com/open?id=1SSXzADPyNKU3uqCGJaM8K-9b-HBpqdfa,18.53385,73.811334
https://drive.google.com/open?id=1Weqkp00He6JFnJ8VqzRTXrLawwl5hZiw,18.590149,73.888926
https://drive.google.com/open?id=18Bm94Jg2xNBAHHbDbHi3ZLR0bN20JLVL,18.57709,73.7566
https://drive.google.com/open?id=1Zd4nGCi7vsNLnVi9tAWoGngNQ6dfOr69,18.577128,73.756528
https://drive.google.com/open?id=10hdX_Kteeqgzj_vQ95fgWQ-iXByE8fG_,18.577128,73.756528
https://drive.google.com/open?id=1Mn5kUa85iFayYuuvjuJkIgYc220UBEgD,18.590149,73.888926
https://drive.google.com/open?id=116haRLMuQB2fU_wcBddYbX7Q1X8dt5um,18.562499,73.808693
https://drive.google.com/open?id=1ReS3_w-KiWsPJEn2njqaLlz8KaTRuLyr,18.566239,73.816313
https://drive.google.com/open?id=1IwHvxb2_i0OrEtXeC-pDWEABP_nbtR7r,18.565749,73.802861
https://drive.google.com/open?id=18de_2DLr8BEyUNh31UI7BKu-Iq0_LbgH,18.56549,73.805869
https://drive.google.com/open?id=1iVdc5f53OEcnKN7_59CoAa4ke-_Pl485,18.562499,73.808693
https://drive.google.com/open?id=1aub8YNx1pdyi3WrsvqGYkrlrIuLTWsSf,18.562499,73.808693
https://drive.google.com/open?id=13HkGcm3t_01k6liKdmXn-Pa3u2_czMYC,18.566316,73.81484
https://drive.google.com/open?id=1PgwSYBE8VEGYwivr0Ls_sIrV07-3VQXa,18.542354,73.780633
https://drive.google.com/open?id=1U3J5R21Ftsf2O_8Ccn8Ios2ICV0xKNKq,18.54235,73.778341
https://drive.google.com/open?id=1FFbWUkIF_Vei9TMoIaG76jFF2wcyURO7,18.509745,73.850267
https://drive.google.com/open?id=1DXSBZffWTkf_eH9jV_76aln4ByLdvyW8,18.518664,73.856982
https://drive.google.com/open?id=1UivKmvplgBM-7Hg9cHmHYdErhkA0UxUv,18.507824,73.852916
https://drive.google.com/open?id=17I7NhU0M23vlIYr-hfmRAFnAVUtaN1HV,18.506692,73.857038
https://drive.google.com/open?id=1l28cXWEHNZ2PUxPcUHezozkPpA3zrZ04,18.504987,73.83813
https://drive.google.com/open?id=1Jc7hLjshfnkS9wgaAJ11T98v7r09LcjX,18.504527,73.839742
https://drive.google.com/open?id=1Wex3sPB_jNaZAZJ8PWSrYxNY3yRPOtQN,18.494247,73.848321
https://drive.google.com/open?id=1vhz_pcmYGWrKZi_CsPY5NTQS2paIY7Ht,18.504621,73.845968
https://drive.google.com/open?id=1trZYdP-m6wk9V1edw0s1MKdLOBq2g7RT,18.503596,73.851282
https://drive.google.com/open?id=1K3whj6Y6WER6BI9SUfaaVISDDXP43mml,18.497334,73.853932
https://drive.google.com/open?id=1rN5FvcAx1sdC3MjAY2oUE9ZJrOkCRl_y,18.516032,73.847082
https://drive.google.com/open?id=1x6kfuTG6ME9x6eLyAyh8JO1peLx0dGVa,18.515478,73.852318
https://drive.google.com/open?id=1c2Yjcz-KGqhx7c92-fHQw1QgpQ4-QOBs,18.518802,73.851412
https://drive.google.com/open?id=1Tn0Vg9SUxWZsQvx9GzonMpesiOZHxinJ,18.447381,73.922476
https://drive.google.com/open?id=10yK5US1GoeJNEZQaW7fK3nB42J1FCwAU,18.451042,73.924422
https://drive.google.com/open?id=1eWwxKgb6_eyrayuw_pRpbu-N96PDBnEH,18.451856,73.924922
https://drive.google.com/open?id=1HPHhHjhTCtwj6Bn0UaTIQO3az21FdiWG,18.451589,73.923674
https://drive.google.com/open?id=12oKnjs711gGHXYbVJGhpcwQvS99alHVS,18.44646,73.917903
https://drive.google.com/open?id=1aVwjSSbTAHMfoVrqhc7d-bUgtwrSiLrT,18.449911,73.8397
https://drive.google.com/open?id=1H-FXMg27Pp8T5SQqBxkKZKZVSsBtemg7,18.449891,73.838279
https://drive.google.com/open?id=1hTKDZEtOCsNViaCnhxvYwZQ8YI0kcooM,18.446438,73.900195
https://drive.google.com/open?id=1pnrDo04pCH9rnS0q_vtXzf_sWXKZt7Tb,18.443959,73.900543
https://drive.google.com/open?id=1FkSgfZTdA1d-T5gWEHDgm1soEDton3IK,18.445869,73.900608
https://drive.google.com/open?id=1Sk4zE1X8UW268JRZbHEsYkm0dc_116Ox,18.446706,73.90057
https://drive.google.com/open?id=1FG-MegN6SlxN2keyFFQRlIH4uXuAkO06,18.448268,73.903646
https://drive.google.com/open?id=1WJ-cN48mmUSH7lQVz1NZks-RlJT3gil-,18.460856,73.908138
https://drive.google.com/open?id=1htRVbRaN5SQ6dYDg-z5NirDt5nOD5olK,18.460482,73.909896
https://drive.google.com/open?id=1k1aAIbXY-u8BJNOUceYigrL1OULhpZ-_,18.456588,73.920834
https://drive.google.com/open?id=1g4utc3XW7IpN2nwPw6Srq9SZECB-Dqe9,18.456576,73.918898
https://drive.google.com/open?id=1sXj8oQD-OuKyewHS4VgHULLUlpHs4V3P,18.454684,73.918395
https://drive.google.com/open?id=1HQUsICj95Ep6WiXwjbUNEUH3g2UW3W29,18.455347,73.920007
https://drive.google.com/open?id=1DCy5ilDtImgp84uEkFNI72aIhnAiqOmI,18.449046,73.918579
https://drive.google.com/open?id=1lmugZP7d6sh9LcGB3ZnUtUg8ZO3jPIna,18.516854,73.834037
https://drive.google.com/open?id=10qIODqRdp33zbDaBcCw1IYXIuEwLX_tf,18.532242,73.837397
https://drive.google.com/open?id=1P2hCrEm5rDI-6yZgaiZQiLbx-cC1Xwcv,18.516435,73.837195
https://drive.google.com/open?id=1XmD-UY6HJUgDi7CtZ0bKH7A8jZFvUXTh,18.534998,73.828053
https://drive.google.com/open?id=1pMWsW2QGEJscFNDY8NH9l-mr3dzwA2v1,18.534832,73.828206
https://drive.google.com/open?id=1agMW5Zlpr9ULzibliA-Rem3BUUGod4fS,18.54224,73.832979
https://drive.google.com/open?id=1j4WVgSE8iyi3Ws1JWQFF0fX1IkD8nQT0,18.543772,73.833541
https://drive.google.com/open?id=1TNy6W3MABOWAw3E7EOilq6UttNqDw_uy,18.544047,73.836556
https://drive.google.com/open?id=1tieeuTCl42Y_4i5t-Ek4HmIkNqJu_Uvw,18.542864,73.836722
https://drive.google.com/open?id=1CPEFdP9ReHER2FyYTV6XJDOTWF5kxxve,18.514131,73.83799
https://drive.google.com/open?id=1y-LP9pghPlNCFU-vS_VBrNpDc7LxqqAR,18.525058,73.824603
https://drive.google.com/open?id=1qr9xY0f7U2mztSGNi18xAZkyMCrgOagu,18.527083,73.830529
https://drive.google.com/open?id=1V9rf-LDR8UVfYCf_SzjqtZw2gUHjWbSH,18.525588,73.82892
https://drive.google.com/open?id=1wVeBvJwzAdmw8gXTQzECdx9F85sn-4IZ,18.537827,73.833664
https://drive.google.com/open?id=1pWxGfQ1DbMlBpytHE_e0DbYkkrCTCij4,18.532943,73.826182
https://drive.google.com/open?id=1fXa2WVEBESqYVWIFNbX0Swrsf6unvmOr,18.52662,73.828512
https://drive.google.com/open?id=1HmdaznykYughwuHzhaKNoByZC4x85HEu,18.533603,73.831221
https://drive.google.com/open?id=1TKu-1aHvmr1Gx1BrIucie-wBPdy2UBOR,18.49831,73.802468
https://drive.google.com/open?id=1a1jCg6f7McD_LY6varXy4Fxbqdv1HO40,18.496822,73.801923
https://drive.google.com/open?id=1u2nLNsMJqWLiAMLzw_1IqR5WrTKqpClE,18.505074,73.812049
https://drive.google.com/open?id=10QgVwI4uOz9JCUjjWGt7ioBwSgwtIsY5,18.509405,73.823495
https://drive.google.com/open?id=1-0mfls1ng77FCuZxiRE_-000LVrgh4Qn,18.498478,73.804061
https://drive.google.com/open?id=1Ua-9q8MknVar-gM2OeXRU_V1g6jK7JHN,18.49526,73.808559
https://drive.google.com/open?id=15TCt6T40knvzKhyt0j13pTzLqQCM-LVj,18.498148,73.803988
https://drive.google.com/open?id=1wio01ep28EsYFem61yGSB8NWMeUwd8fm,18.499485,73.809638
https://drive.google.com/open?id=1PTeTqZd-cUX_NtfpMsmZ0IhWuAVKBx_W,18.500143,73.803142
https://drive.google.com/open?id=1e-VozPJSUv4_4WCvdNzDlsZq8fHt7lMz,18.50566,73.814854
https://drive.google.com/open?id=1pelYxNpqlygwdml38Hs9RrOZPs7qA1Vw,18.508717,73.81677
https://drive.google.com/open?id=1UpvCQnJnGV37-XlaRQcyuCng_04HfQF5,18.510894,73.77713
https://drive.google.com/open?id=1uOwJbDnt3SlUOdrygXjweu_CEVVJmADl,18.511077,73.777244
https://drive.google.com/open?id=153q4OxyW_DEJHrpT_MIAHM2Scotj5hPM,18.522352,73.762073
https://drive.google.com/open?id=1kHo6OegmNYdI6SgryZ-hfzpWJxcbyoW_,18.511555,73.774194
https://drive.google.com/open?id=1n-WahAxPpf5AYxAq1nB-k0hbKXHpJXc5,18.522917,73.768374
https://drive.google.com/open?id=1oyqJ7BI4C53oohSRqm7AiLp4vD87YNcl,18.512767,73.807535
https://drive.google.com/open?id=1SF1sl_MJwUbPIKa0l04_X4SVf1HtPbVb,18.513789,73.815927
https://drive.google.com/open?id=1azk1k3FkbuLv7Vdt5bXDbBgIaGBJjJN2,18.518686,73.817433
https://drive.google.com/open?id=1qEHx_CDAjl4OHmuZyhG7e7ECc7RXhf5g,18.514652,73.816065
https://drive.google.com/open?id=1kW9yiMjfFRiSFtk75is9_99lT_nXT_rT,18.511964,73.790311
https://drive.google.com/open?id=1qmMZ0EtGVHIhyQrtGl0g3ancAHAz4iMl,18.509154,73.793171
https://drive.google.com/open?id=1UXcWzi2mVV0B3pPoq4-wsrI8-qjkLwBs,18.511476,73.790725
https://drive.google.com/open?id=1uc0R3VTo6HzsrSCQrWh6907ZLb6TFvpJ,18.507316,73.769378
https://drive.google.com/open?id=1_LcoZWWtX_Q_GFhc446nZ4_xsdrwcEH2,18.510521,73.798107
https://drive.google.com/open?id=1xmap4NliH5DshAPaYrATZ1z0BBr_p_VG,18.501965,73.794602
https://drive.google.com/open?id=1OJSAiR3-x92ObeI4sst-IVFu2W1iAEty,18.500908,73.795654
https://drive.google.com/open?id=1U-X_C0rVoUFg15JUVLo2qznpkAH6KLf7,18.498086,73.792532
https://drive.google.com/open?id=1OXcp29V5YjxL1z3KJN7kCrJGEv6ylCEx,18.496971,73.797784
https://drive.google.com/open?id=1VKziAfWWwJwL82lchYJ3Z97wdChygLkN,18.522472,73.775946
https://drive.google.com/open?id=1ovUwj-b6vlCG5H8LXcr5WnhSNd1X3NMJ,18.521472,73.775027
https://drive.google.com/open?id=1SK_H-OgVUBJhBOuGrmnxlvPblR1jvR4D,18.54235,73.889316
https://drive.google.com/open?id=10PqkdciAcHFzS91ka1gUO7kLtOyRBKlZ,18.529324,73.905435
https://drive.google.com/open?id=116kU_lS_mKrvk8e8R2_YnNzMXBeqEY6g,18.522722,73.909309
https://drive.google.com/open?id=1XlabdqRqFsjsRI-8bqy9wx806yqdkz7i,18.529324,73.905435
https://drive.google.com/open?id=1e7ZfJmq_bcq5Gf-rO5Oz-XZ44dALxvSE,18.516749,73.906748
https://drive.google.com/open?id=1Ez0CqPYRDLMBMW_yl_-ONz8hcVbukj5n,18.522025,73.904949
https://drive.google.com/open?id=1-9mXwXyf-xYe7fFP67hci-ZKm9uo0gUR,18.535924,73.897248
https://drive.google.com/open?id=1iACP9jJw4ZhSmHB17oOy-ZO770UrntJ3,18.534547,73.885111
https://drive.google.com/open?id=1NsK3U4bO4XFvSOXENIZAa5lqCjB2WQPs,18.533355,73.900343
https://drive.google.com/open?id=12JHcDOlCmV_IpiDoiU1ipxc4h27u9ryj,18.530728,73.911567
https://drive.google.com/open?id=10GO6bKtEK7IMsn4DxnqgTsJHfG8IWskp,18.531415,73.90054
https://drive.google.com/open?id=1bfmBuLLH7CzQiSgcoQPiPs3f2bAGM3_u,18.530897,73.910989
https://drive.google.com/open?id=1h42uqqDMtakVroXDTjGeDxfA0o0bYuE9,18.538498,73.898509
https://drive.google.com/open?id=1iEH9JONn5iFBuGMdIubzjzgIa9ckO7kT,18.536671,73.886533
https://drive.google.com/open?id=1f10EpAcLuujKyhAVHZCdSQgjXYURrMK_,18.536036,73.875405
https://drive.google.com/open?id=1FdAmpk7P14WuhIYwDHgGFMJqeLKYXifO,18.518259,73.873211
https://drive.google.com/open?id=1rcXHbo7IT62sLcTpwkSdMGZX7mbN989V,18.520261,73.907344
https://drive.google.com/open?id=1UEhjDm1FnE8aWZKWcYdg7Nnd7SSFlaoK,18.449911,73.8397
https://drive.google.com/open?id=1pUjt0bWweK3qoYhta3iq6vDOZKxU9GG7,18.449891,73.838279
https://drive.google.com/open?id=1IF9CUVyrGMdbZiJKKM5eCffKf1BECYte,18.449867,73.84004
https://drive.google.com/open?id=1dTgBQFuaoz9dMafpQMVaONHiq4LVYysF,18.456312,73.834806
https://drive.google.com/open?id=1D1vnwhmZOvhG8K9sGClWb5PbxObxI9pI,18.456828,73.832891
https://drive.google.com/open?id=1uxKGaI9_JFQqUVLehzIRK7qghdXxKCbA,18.458513,73.832618
https://drive.google.com/open?id=1TR5S7kTsyiqweskqDkLWvhyEuQMyaA-i,18.541551,73.928695
https://drive.google.com/open?id=1XRlhP-S4EV578l0-CoWHylGnoPBIATfJ,18.548976,73.918162
https://drive.google.com/open?id=1DRvDaYpdv75q19YcGsR4My5tX9o1UODY,18.546696,73.921441
https://drive.google.com/open?id=1ugWOq_h_LdvhlroeM0BpLnUv4iFejRmF,18.54939,73.9147194
https://drive.google.com/open?id=15hkxXUxWBcoUGnDrxGheTScpWDYpzQR0,18.550896,73.918913
https://drive.google.com/open?id=1q_qhiMKhj1JN0xYikpObaAbTNFfKJt9h,18.54593,73.909558
https://drive.google.com/open?id=1ZLg-rz3dFuHOlaNK-7jx3FCn7JaX2h_0,18.542641,73.928858
https://drive.google.com/open?id=1ZlUh49LSmaxH8kX8RdOc6mQRmiJqPg4b,18.542641,73.928858
https://drive.google.com/open?id=1c9EgNO_c0RlOtdMtdL3YFvUtoKJD_6MK,18.5426652,73.9281057
https://drive.google.com/open?id=1OtVuSuEvPm80Gaaj97NkiYNg6JLy1yzf,18.5479879,73.9060727
https://drive.google.com/open?id=1okzfkFrpXZkzloD373vQWdE3pIdyhCeN,18.573596,73.987008
https://drive.google.com/open?id=1UTwccNxj9YxxaPfeSg1Y1aM4Ft9kYY4V,18.574445,73.985733
https://drive.google.com/open?id=1sV5OD-6_QvGL6JzXcgSWoAh9kgW5228c,18.576313,73.984594
https://drive.google.com/open?id=1dqw2FrPaVjmdmQJU8xCcNZ5QEnJzry2q,18.578544,73.986362
https://drive.google.com/open?id=1Z1Krxz_aVctQNbzg0kYqOgvh8UHKDKin,18.570897,73.97511
https://drive.google.com/open?id=1HB0iWhTT74u2uHeDIayhI92sYUGcOzZv,18.550212,73.900143
https://drive.google.com/open?id=1Yf50_bX_C5fBDvYJNPuhlgvSLZxf7osx,18.549332,73.903400
https://drive.google.com/open?id=10eIJzgo8UdRzBIfrG-u7jEmtNOvKZ69b,18.551905,73.899800
https://drive.google.com/open?id=1fWCaucGas-v8ThB8Y0szyFKEasqqhj65,18.5686302,73.9128438
https://drive.google.com/open?id=1hT1uTHNG0W0K1SkMNUfifKOE9vKdnW0R,18.56387,73.910676
https://drive.google.com/open?id=1TGP9ZD8InmCG5Ya01YC5SqCfTnqttN62,18.573691,73.911549
https://drive.google.com/open?id=1-XDPnOt10dVotTuh-BB0Yl0j-Vm5X2jC,18.566968,73.911042
https://drive.google.com/open?id=19HOQbnDpluwHNPupQ2UQmpT7dwU9F-Rn,18.564315,73.91084
https://drive.google.com/open?id=1I7inF3FqI29kV0HQHnZYbQuJGJQe2juv,18.562143,73.907139
https://drive.google.com/open?id=1SSef0cQTCCgepqjz2pvZfWljFSKQq5Hh,18.569934,73.909709
https://drive.google.com/open?id=1KF8Mk7RkHxggj-dB5xD5xwlQ3DfJRwHJ,18.56303,73.913643
https://drive.google.com/open?id=1efqNX8p58tSCKpdomcMtQ5vzlJZTCf0o,18.572932,73.909035
https://drive.google.com/open?id=1iScELD4eQ3xJB1SoPlWIgwkBVmbG-wKv,18.561291,73.915749
https://drive.google.com/open?id=1-QmGCTMan7PSJV6Y8-APKS-ZhBUr_uid,18.56303,73.913643
https://drive.google.com/open?id=1hJTMhi19BGC-pJSxn6TOz9Nz2UZJQckS,18.562171,73.913325
https://drive.google.com/open?id=14z88jJwh70TMAdQyjr6fg_JL-YBvbf5l,18.54415,73.904033
https://drive.google.com/open?id=18lh_19QEAp21M_S2RhPb-wlRJ19UbnAk,18.542103,73.931276
https://drive.google.com/open?id=1w7tZLjdWpGrg1C9ZBwt-gx2Zp2KEhedx,18.545573,73.909425
https://drive.google.com/open?id=1cm9J2x4qyB35n0Ay_ao-w6upKhk7ngBw,18.575633,73.985226
https://drive.google.com/open?id=1tuKylYliccZnvHnU5Cp5HOlGGQt7tZAL,18.583307,73.99895
https://drive.google.com/open?id=1e7LOXX4oIDiqSzqDCNXpjGNZr_qWT09R,18.581237,73.973685
https://drive.google.com/open?id=10mPXv8yyQmAVSL8965XoRXpZm5cHwTx7,18.489387,73.861662
https://drive.google.com/open?id=1ADRivE00zF-OxiIHJlBNKESNRCHy4rov,18.496419,73.863393
https://drive.google.com/open?id=1puI5zXEm1LIHGGbKgovrhB3MrGXU4T3H,18.496024,73.876244
https://drive.google.com/open?id=1BHy03nrO0MwwSrjjyzrMp7hvSG0GdBbD,18.48321,73.872331
https://drive.google.com/open?id=1qvnyKfWhx-14-LmulWiq6umvX51FhoOl,18.480563,73.868574
https://drive.google.com/open?id=1u8ihvPKqdJ0gcxNjxKWFQOsb1YOXLn93,18.480989,73.865198
https://drive.google.com/open?id=1nHYUXoB2AxaMECYDxU2xocj4xBzvLhFk,18.480918,73.864127
https://drive.google.com/open?id=1IFhhTx6IWegkw-WJ6p2lx2-hhf4Cjcav,18.480889,73.862865
https://drive.google.com/open?id=14izUxyHY7VM5EoD60j2iHMmFTR7xb9od,18.476458,73.862381
https://drive.google.com/open?id=1DfpilN4nbjUHyB-tAQsffY-1R2V3JljD,18.474984,73.861304
https://drive.google.com/open?id=1gJ2KNh_9lucZMiub6KEERLSDcADfl7z4,18.504596,73.868838
https://drive.google.com/open?id=13jk1yQ9_oFW-B2i5T3RuEdUuHtCTJIvM,18.502042,73.870975
https://drive.google.com/open?id=1icPUX7YMoj28_Wr4uYVy21snD8t1GrtU,18.503456,73.863696
https://drive.google.com/open?id=1xIh27A7zpMwiEb3JO5prclWE1ZcePFap,18.50182,73.867287
https://drive.google.com/open?id=1wvTcqE6Tqc-mXd_iyqKTxdDXiJT6PRS_,18.50882,73.873312
https://drive.google.com/open?id=112lGfAJEiEpiYvje14rDQfzfoemMIbqY,18.508643,73.873083
https://drive.google.com/open?id=16q8GKycUC_FI6IHwWzoTESIUL_R3XkF-,18.518257,73.867594
https://drive.google.com/open?id=1RW8RI1wxJOo_SfH2ED336cF7XuSUMWSX,18.518265,73.862586
https://drive.google.com/open?id=15O5wddqbta3yOXDXK3y1_9E-7dGWIdc0,18.519193,73.863974
https://drive.google.com/open?id=1Rn9WbHrOCnVbXEBe3tN0cdYDZ6cbKia8,18.569907,73.878785
https://drive.google.com/open?id=1qFN9eH7iE2O83W6io0GK0uxiCAn0A1Yy,18.569917,73.878789
https://drive.google.com/open?id=13kCEaXJVykXeGDDz9D69oVySxhDy3pgG,18.57545,73.876419
https://drive.google.com/open?id=1veBXWQojxbAzRwGpbgd7wStMIH6Woq1S,18.577423,73.87552
https://drive.google.com/open?id=1etBoFh2Xac3AV41pvln01JiWTVm1GCL2,18.58018,73.873398
https://drive.google.com/open?id=1vvpMl33u4ptN9y3K5O423rCzMipOt9P8,18.581922,73.872806
https://drive.google.com/open?id=1mW3WaXD2-qV7ZND9BE0ORIj23aIchibe,18.573953,73.884397
https://drive.google.com/open?id=1CfolEySuLE7uPGj5ivFx2fYI-4CceoVv,18.577579,73.884934
https://drive.google.com/open?id=1vDfgryPdIkzuhjNz2_0qjVXisSlrC7kS,18.577408,73.875528
https://drive.google.com/open?id=1ZZOd2c3EP1yv9U-M_g5pe04j8COetHoP,18.580582,73.882027
https://drive.google.com/open?id=1ZjlEu7bh0EJfWGU3k3xjPQ3t1dN9WZNW,18.598024,73.900731
https://drive.google.com/open?id=1jRhdTOalKuVxzaxM2IQ_gGu216ZG8_at,18.596515,73.900095
https://drive.google.com/open?id=1CblMdkDSrMC2bgGdY9o_NIPaRyChjLis,18.574352,73.884565
https://drive.google.com/open?id=1FkEc8yyb4FJU0DOXO49mq2eKXXiZdCvU,18.597712,73.899773
https://drive.google.com/open?id=1j_JEpx2Yj3h7Uj_lUYwGTYUJKvXQI9xm,18.577499,73.882755
https://drive.google.com/open?id=1ggriuAczIZLuKQsnDPk7WCJNgvYUO_Gh,18.4870073,73.8947957
https://drive.google.com/open?id=13ugBKHtH4ynVqMTO75Me1TvHuUSAxQOg,18.4936275,73.8998883
https://drive.google.com/open?id=1Z29_7aEt4Ps-BfUE7pVKSwmjyoSDPs_T,18.4937867,73.8997045
https://drive.google.com/open?id=1KUkkDxpsuEagw2IPkFDO-HgjtbxzePAl,18.487325,73.8970956
https://drive.google.com/open?id=12YTUv0ERcLaUeTsHyrIj7MApma3_tSu_,18.488242,73.898979
https://drive.google.com/open?id=1fh2HJYnNEhVc44bVks4ah7o7fqLnPRdK,18.489237,73.899222
https://drive.google.com/open?id=1IJxvhnGKVjbmJp3YiO5QQHdUaP7KOkRW,18.487165,73.898157
https://drive.google.com/open?id=148ovcVHiuOtJoJhIXHpu_uTkmWgTW8ga,18.491806,73.900086
https://drive.google.com/open?id=1nzfVv2RSH8YWcVZbMYTeEzwH87WEJ1YT,18.497394,73.901638
https://drive.google.com/open?id=1UC9FdY0Rr66NT-yNZhM1g8h9HoMTgUgk,18.476925,73.895416
https://drive.google.com/open?id=1MMn1YPeciqYuEh3NrCXKxBQGF6x_4r2f,18.477029,73.895406
https://drive.google.com/open?id=19ixrv4B7NP1oXZDR3FYE_Ez0_3P-c5Si,18.49053,73.899242
https://drive.google.com/open?id=1HBPY5TyDu-eogJegwNhDaAj42mYJBObi,18.497857,73.900407
https://drive.google.com/open?id=1pmt_8V4wcsBkP5TldHBMTWIuSEA7h_gO,18.475601,73.89371
https://drive.google.com/open?id=19FfKsaCSg0Cbzg5q7dnwVfI8b_3HgELm,18.477409,73.902236
https://drive.google.com/open?id=1UiYkeZuiTuzOUyvXg8iFcw_W2RJA5p5W,18.512643,73.902781
https://drive.google.com/open?id=1m5f2yNxwi_MSpMqHBvyRWK0lIIfCi7V8,18.512744,73.901895
https://drive.google.com/open?id=17qepWDZuoGdAXmGJzsmIeRCkxG7zh6SK,18.516162,73.898553
https://drive.google.com/open?id=1C49_dAZJTxVVujpO5rCYKzTMdoOUUre8,18.517147,73.898921
https://drive.google.com/open?id=1oWeYyJFCnZuCGpjmmop_-uvjuTzZVY41,18.517476,73.900539
https://drive.google.com/open?id=1PdutJJ__OdwmWjzXhALJgVn9EFgPyZhr,18.489886,73.825311
https://drive.google.com/open?id=1JSyHCGmgAWXJka3l3-GNaughBASt6YDZ,18.489438,73.822438
https://drive.google.com/open?id=1mNNzl2ZgaQ50GFrOvmGwNlXmxM_tqfZ0,18.486424,73.818505
https://drive.google.com/open?id=1j1nN2Dxf587BaFvFvgYuGrIebtP9pq7t,18.487102,73.820037
https://drive.google.com/open?id=1eeYIGtLsBg37k-W75Od_ww_7d_vuk6C_,18.492821,73.826842
https://drive.google.com/open?id=1CvoklUZ_1x4Jm8uy37bfX-WOjj2dQNH8,18.490231,73.817771
https://drive.google.com/open?id=19nRDOXBpqnvX8Plt4bq1DakHbdHWiULy,18.481332,73.808309
https://drive.google.com/open?id=1AtGdADRqmK7xReh57P2qfv82_29dmQPV,18.494929,73.821814
https://drive.google.com/open?id=1Fgj_EQcJvpYdQkYkMqos3AGt4bszsEVE,18.486536,73.812215
https://drive.google.com/open?id=1L5hOGu7UMVXUgjmYwhOLNde5jErVqDHb,18.484658,73.798633
https://drive.google.com/open?id=1mH3IkbOIq9ePVuy2Adt8enrL2yeMKmz6,18.495474,73.812036
https://drive.google.com/open?id=1fTJ3YESNkX9HcLrDHYZPdki-APxUj2k-,18.484232,73.806807
https://drive.google.com/open?id=16aUJN9mtGLEi-FUj70KPq0RLDCI1ArYZ,18.488976,73.792539
https://drive.google.com/open?id=195YUbhorGFhgcVCIgYoHommXo8iBy4a8,18.486548,73.808554
https://drive.google.com/open?id=1kNe5UnBa3BbEUMNIegZZWC5wVzz4wBDZ,18.476568,73.79946
https://drive.google.com/open?id=1i142A1O4AgJjaxagtwmdfYwRZHHT05Hv,18.479312,73.7972
https://drive.google.com/open?id=1UfpLknXGPzWUUc4K8hm98ag1qqfXWsvW,18.482719,73.81279
https://drive.google.com/open?id=1hzNGPuQ4U1vhZkP1Jy-IY75jCCHt_LoL,18.500163,73.83038
https://drive.google.com/open?id=13VLbnWqgkJ03SJIgTL3GAQRrfRhRP568,18.492821,73.826842
https://drive.google.com/open?id=1bPrOLlK0OoKQd7w1gmwEA9v-ehv9b-F7,18.485875,73.789284
https://drive.google.com/open?id=12GV3iDJ98lF-SAuQ92s0CewwLClpzSa_,18.498481,73.823316
https://drive.google.com/open?id=18kxK-z9T_RXv_bH2igZg25DNaAim3QK_,18.503529,73.821354
https://drive.google.com/open?id=1eFMIdHFl-y91zeDET62Hjeokdkk_spNW,18.495562,73.822309
https://drive.google.com/open?id=1IYUFZyDqrk0e0iMx7k-dqOGQ9AXotIQz,18.470202,73.821687
https://drive.google.com/open?id=1hcW0A8SoBohCMsVgDjNunRCdHkhb7HRw,18.470429,73.823773
https://drive.google.com/open?id=1VEtGVS6QavjF09kTpOwWmtT69QNMM7eL,18.445721,73.82129
https://drive.google.com/open?id=1t8d_eH6CjYjWQ3yrFeUg9eejMuvuoK7m,18.442336,73.81188
https://drive.google.com/open?id=1G8CqWggpwdSLOaoc67AM9kNtmoI9Ui77,18.440142,73.812363
https://drive.google.com/open?id=1HRk5gWep2QOEagB1gy52LhModZQ_k9rx,18.470124,73.830281
https://drive.google.com/open?id=1Y7UL_FIPNV_hTB2kg8sL5g6nLmPXzzj1,18.577128,73.756528
https://drive.google.com/open?id=1f2AKrJPz5SG4x5UTJtwIAd5tPGFebVG2,18.47574,73.818737
https://drive.google.com/open?id=1aXQcvIKYnM2Nx0oQ5rwU7G7-PqNoVShQ,18.476421,73.818115
https://drive.google.com/open?id=1fT_-PS-ybNBzdHQ-vjiZnsyLdkvC_B15,18.474201,73.81352
https://drive.google.com/open?id=1fIz3LVDamofHMw2RH-yPjYaoMBjH1Fg2,18.474656,73.812412
https://drive.google.com/open?id=1ZHYtBxs4INsWyLLTuVxRaiQMPIItfDFw,18.4748,73.811926
https://drive.google.com/open?id=1jqGkpc_yzQCc9T9liUR9SJYdR1GcAP_3,18.473083,73.819113
https://drive.google.com/open?id=1W0jpUpPzlg5Y0DbxGIun7o2tC3RGl1Ge,18.441552,73.816302
https://drive.google.com/open?id=1YWNw3-TSxyeTtSCAAQvt9egKAWNF95bh,18.44606,73.806694
https://drive.google.com/open?id=1woC9g7McHbGM6QcWXgChLTvwfIR4FMxt,18.44506,73.800658
https://drive.google.com/open?id=1XLoMi-RqXMKSqt3H6gtDLsYffWjkPmRP,18.492845,73.832238
https://drive.google.com/open?id=1wIVGgf1NQkC7GUZoVKv8PjaFMZBX0Ncw,18.490916,73.832917
https://drive.google.com/open?id=1l7sgtPVoJcmKYRTb1ZOmzfW2LVt00bcy,18.495132,73.834055
https://drive.google.com/open?id=1YwoCOirmFe1xDd696Ag0dkTZPzhPWxkR,18.489174,73.82996
https://drive.google.com/open?id=1r5eoEY_mtn8wXCXbRfVWqEGfF4Ai5ctg,18.493708,73.832664
https://drive.google.com/open?id=1PlRpV5z6OZuYxNRb2akgpU7OmJ7pGI8v,18.443841,73.825698
https://drive.google.com/open?id=1m3nL4p3EKCEM5GRGbYSZNQqb7jQf-bGO,18.49937,73.960798
https://drive.google.com/open?id=1Uczfq-KtKbzWpH662YDK2bo6jaOjj0xW,18.499199,73.960743
https://drive.google.com/open?id=13roUQ2sgYMY1XPMoQB8XKTRlR2iSY4Rh,18.500487,73.96133
https://drive.google.com/open?id=1r74QBXTxKoa5vhYSHQ2z-YR3KOVmuPJP,18.499642,73.963056
https://drive.google.com/open?id=1fBqwvNZNnm4geDVDSDFNd9hX4Z_y3GOb,18.500686,73.968726
https://drive.google.com/open?id=1GSgGLfGRMQWCdy3Yb4Kmtam88EvCQo7m,18.50236,73.969554
https://drive.google.com/open?id=11NzRPcwYtYtYL8tcQKhH4szEs_oRHRWo,18.502997,73.964502
https://drive.google.com/open?id=1G_k-BwHxTZCM3w4ekYUakrIBo-x2oAVU,18.493382,73.969416
https://drive.google.com/open?id=1tYw9_t6Haq0B4ze8zrfopZB0p-D3HiAj,18.493345,73.96973
https://drive.google.com/open?id=1P0USQGJ5b3izZDgGEow0GbCu-PLNpNnu,18.494351,73.969477
https://drive.google.com/open?id=17v5B673ZqE907ZYyu40C1a6JGfg4c11p,18.494968,73.969596
https://drive.google.com/open?id=1tgv-2gYn7NQFfUXxJLRYCXpXYJBhVDUj,18.495683,73.929653
https://drive.google.com/open?id=1_xcdRNeENLFIjyzaLO-Qm_2fbrfSHxN8,18.495306,73.929552
https://drive.google.com/open?id=1j1xGzeivLWmyw98F5eUnJ_9PNGHk87sE,18.490858,73.928083
https://drive.google.com/open?id=1TrBO9oK0srxlzzaQIWOZsJR423Sk0Fu-,18.464784,73.922204
https://drive.google.com/open?id=1XxDqjD7wYMoKOwefn0vTR-c_9nKqCEuH,18.46599,73.921927
https://drive.google.com/open?id=19jbOMVhdw1D9hkrRFVoMEG1K9J7Bf7kX,18.464784,73.922204
https://drive.google.com/open?id=1oVuHQPzEIScCcM89mCuyq4DI4Uikxejx,18.462598,73.922495
https://drive.google.com/open?id=1lkDrZQLLpGnakwoqG7k1I_nj9s49qhrO,18.471434,73.92
https://drive.google.com/open?id=1QWlIaMedHfjU-Y9XHRJoysS5zIbHa3Jj,18.476369,73.922939
